lmbd_a, lmbd_b, bbeta_a, bbeta_b, bbeta_c, gma_a, gma_b, gma_c, ies_a, ies_b, ies_c, theta, delta, aalpha, sig_z, chiX, phi, tayl_ic, sig_m, rho_m, disast_p, varphi_p, rho_p, disast_std, vareps_w, tau_w, chiW, s_bar_a, s_bar_c, s_trgt_a, s_trgt_c, xi, l_target, labor_alloc_a, labor_alloc_b, labor_alloc_c, kbar, gov_debt, k_grid_adj, w_grid_adj, s_a_dev, s_c_dev, k_dev_param, w_dev_param, IRF_g, IRF_m, IRF_dis, constrained_a, constrained_b, constrained_c, use_idio_risk, idio_risk_a, idio_risk_b,  idio_risk_c
  0.333333,   0.333333,   0.980000,   0.980000,   0.980000,  19.396798,  19.396798,  19.396798,   0.800000,   0.800000,   0.800000,   1.000000,   0.025000,   0.330000,   0.005500,   3.500000,   1.500000,   0.005000,   0.000625,   0.000000,  -5.409895,   0.150000,   0.800000,   0.472394,  10.000000,  -0.111111, 150.000000,   0.333333,   0.333333,   0.333333,   0.333333,   0.010000,   1.000000,   1.000000,   1.000000,   1.000000,  10.000000,   0.100000,   1.050000,   1.020000,   0.100000,   0.100000,   0.100000,   0.050000,   2.000000, -10.000000,   2.000000,   0.000000,   0.000000,   0.000000,   0.000000,   0.000000,   0.000000,    0.000000
