lmbd_a, lmbd_b, bbeta_a, bbeta_b, bbeta_c, gma_a, gma_b, gma_c, ies_a, ies_b, ies_c, theta, delta, aalpha, sig_z, chiX, phi, tayl_ic, sig_m, rho_m, disast_p, varphi_p, rho_p, disast_std, vareps_w, tau_w, chiW, s_bar_a, s_bar_c, s_trgt_a, s_trgt_c, xi, l_target, labor_alloc_a, labor_alloc_b, labor_alloc_c, kbar, gov_debt, k_grid_adj, w_grid_adj, s_a_dev, s_c_dev, k_dev_param, w_dev_param, IRF_g, IRF_m, IRF_dis, constrained_a, constrained_b, constrained_c, use_idio_risk, idio_risk_a, idio_risk_b,  idio_risk_c
  0.040000,   0.360000,   0.980000,   0.980000,   0.980000,  11.000000,  11.000000,  11.000000,   0.800000,   0.800000,   0.800000,   1.000000,   0.025000,   0.330000,   0.005500,   3.500000,   1.500000,   0.003500,   0.000625,   0.000000,  -6.020600,   0.150000,   0.800000,   1.201900,  10.000000,  -0.111111, 150.000000,  -0.020000,  -0.150000,   0.180000,   0.230000,   0.010000,   1.000000,   0.750000,   0.388889,   1.383333,  10.000000,   0.100000,   1.200000,   1.050000,   0.100000,   0.100000,   0.100000,   0.050000,   2.000000, -10.000000,   2.000000,   0.000000,   0.000000,   1.000000,   1.000000,   0.000000,   0.036000,    0.034153
